month,bucket,panel,up,down,hiring_diffusion,open_roles,mfg_roles,sw_roles,manufacturing_roles,hardware_roles,commercial_roles,senior_roles,atoms_bits,sufficient
2026-04,Autonomy & Robotics,10,8,1,85.0,618,253,176,123,130,95,4,1.44,False
2026-04,Chips & Quantum,4,3,1,75.0,277,151,61,24,127,19,4,2.48,False
2026-04,Defence,5,4,0,90.0,251,113,64,56,57,33,0,1.77,False
2026-04,Manufacturing & Materials,5,1,4,20.0,133,72,19,35,37,23,0,3.79,False
2026-04,Nuclear,5,2,3,40.0,194,123,8,51,72,27,1,15.38,False
2026-04,Power & Grid,4,1,2,37.5,21,14,0,1,13,5,0,,False
2026-04,Space & Aerospace,12,7,3,66.7,579,321,93,88,233,104,2,3.45,False
2026-05,Autonomy & Robotics,10,5,1,70.0,645,271,166,116,155,104,5,1.63,False
2026-05,Chips & Quantum,4,2,0,75.0,292,156,59,28,128,23,3,2.64,False
2026-05,Defence,6,3,1,66.7,298,132,74,61,71,45,2,1.78,False
2026-05,Manufacturing & Materials,5,2,0,70.0,195,110,22,46,64,31,0,5.0,False
2026-05,Nuclear,5,1,1,50.0,195,123,9,59,64,28,3,13.67,False
2026-05,Power & Grid,3,2,0,83.3,34,27,1,5,22,4,0,27.0,False
2026-05,Space & Aerospace,12,5,1,66.7,636,358,105,99,259,93,0,3.41,False
2026-06,Autonomy & Robotics,10,7,3,70.0,753,318,181,137,181,124,5,1.76,False
2026-06,Chips & Quantum,5,2,0,70.0,312,174,55,24,150,24,3,3.16,False
2026-06,Defence,6,3,0,75.0,327,145,75,62,83,49,2,1.93,False
2026-06,Manufacturing & Materials,5,4,0,90.0,220,114,31,51,63,37,1,3.68,False
2026-06,Nuclear,5,3,0,80.0,208,125,16,63,62,28,2,7.81,False
2026-06,Power & Grid,3,1,2,33.3,30,24,1,2,22,2,0,24.0,False
2026-06,Space & Aerospace,12,4,7,37.5,605,354,100,97,257,81,0,3.54,False
2026-07,Autonomy & Robotics,10,2,5,35.0,700,328,156,139,189,104,5,2.1,False
2026-07,Chips & Quantum,5,2,2,50.0,318,183,55,19,164,29,3,3.33,False
2026-07,Defence,6,3,2,58.3,339,153,78,61,92,41,1,1.96,False
2026-07,Manufacturing & Materials,5,2,0,70.0,267,151,35,72,79,40,0,4.31,False
2026-07,Nuclear,5,3,0,80.0,254,147,22,69,78,35,2,6.68,False
2026-07,Power & Grid,3,1,0,66.7,31,23,1,3,20,3,0,23.0,False
2026-07,Space & Aerospace,12,8,2,75.0,641,396,99,119,277,84,1,4.0,False
2026-08,Autonomy & Robotics,10,4,0,70.0,804,379,169,160,219,115,5,2.24,False
2026-08,Chips & Quantum,5,2,2,50.0,312,164,53,15,149,49,6,3.09,False
2026-08,Defence,6,1,4,25.0,295,138,71,56,82,34,1,1.94,False
2026-08,Manufacturing & Materials,5,4,0,90.0,305,170,41,78,92,47,1,4.15,False
2026-08,Nuclear,5,3,1,70.0,328,192,40,81,111,44,3,4.8,False
2026-08,Power & Grid,3,0,2,16.7,25,21,0,5,16,1,0,,False
2026-08,Space & Aerospace,13,9,2,76.9,756,485,106,142,343,96,5,4.58,False
2026-09,Autonomy & Robotics,10,7,2,75.0,834,384,173,160,224,124,7,2.22,False
2026-09,Chips & Quantum,5,1,2,40.0,293,148,52,12,136,38,2,2.85,False
2026-09,Defence,7,3,1,64.3,418,233,100,84,149,36,4,2.33,False
2026-09,Manufacturing & Materials,5,1,2,40.0,339,214,39,110,104,44,1,5.49,False
2026-09,Nuclear,5,3,1,70.0,348,207,39,86,121,50,4,5.31,False
2026-09,Power & Grid,3,2,0,83.3,28,24,0,7,17,2,0,,False
2026-09,Space & Aerospace,13,6,4,57.7,877,561,123,180,381,109,5,4.56,False
